Sample,Population
HG00096,European
HG00097,European
HG00098,European
HG00099,European
HG00100,European
HG00101,European
HG00102,European
HG00103,European
HG00104,European
HG00105,European
HG00106,European
HG00107,European
HG00108,European
HG00109,European
HG00110,European
HG00111,European
HG00112,European
HG00113,European
HG00114,European
HG00115,European
HG00116,European
HG00117,European
HG00118,European
HG00119,European
HG00120,European
HG00121,European
HG00122,European
HG00123,European
HG00124,European
HG00125,European
HG00126,European
HG00127,European
HG00128,European
HG00129,European
HG00130,European
HG00131,European
HG00132,European
HG00133,European
HG00134,European
HG00135,European
HG00136,European
HG00137,European
HG00138,European
HG00139,European
HG00140,European
HG00141,European
HG00142,European
HG00143,European
HG00144,European
HG00145,European
HG00146,European
HG00147,European
HG00148,European
HG00149,European
HG00150,European
HG00151,European
HG00152,European
HG00153,European
HG00154,European
HG00155,European
HG00156,European
HG00157,European
HG00158,European
HG00159,European
HG00160,European
HG00171,European
HG00173,European
HG00174,European
HG00176,European
HG00177,European
HG00178,European
HG00179,European
HG00180,European
HG00181,European
HG00182,European
HG00183,European
HG00185,European
HG00186,European
HG00187,European
HG00188,European
HG00189,European
HG00190,European
HG00231,European
HG00232,European
HG00233,European
HG00234,European
HG00235,European
HG00236,European
HG00237,European
HG00238,European
HG00239,European
HG00240,European
HG00242,European
HG00243,European
HG00244,European
HG00245,European
HG00246,European
HG00247,European
HG00248,European
HG00249,European
HG00250,European
HG00251,European
HG00252,European
HG00253,European
HG00254,European
HG00255,European
HG00256,European
HG00257,European
HG00258,European
HG00259,European
HG00260,European
HG00261,European
HG00262,European
HG00263,European
HG00264,European
HG00265,European
HG00266,European
HG00267,European
HG00268,European
HG00269,European
HG00270,European
HG00271,European
HG00272,European
HG00273,European
HG00274,European
HG00275,European
HG00276,European
HG00277,European
HG00278,European
HG00280,European
HG00281,European
HG00282,European
HG00284,European
HG00285,European
HG00288,European
HG00290,European
HG00302,European
HG00303,European
HG00304,European
HG00306,European
HG00308,European
HG00309,European
HG00310,European
HG00311,European
HG00312,European
HG00313,European
HG00315,European
HG00318,European
HG00319,European
HG00320,European
HG00321,European
HG00323,European
HG00324,European
HG00325,European
HG00326,European
HG00327,European
HG00328,European
HG00329,European
HG00330,European
HG00331,European
HG00332,European
HG00334,European
HG00335,European
HG00336,European
HG00337,European
HG00338,European
HG00339,European
HG00341,European
HG00342,European
HG00343,European
HG00344,European
HG00345,European
HG00346,European
HG00349,European
HG00350,European
HG00351,European
HG00353,European
HG00355,European
HG00356,European
HG00357,European
HG00358,European
HG00359,European
HG00360,European
HG00361,European
HG00362,European
HG00364,European
HG00365,European
HG00366,European
HG00367,European
HG00368,European
HG00369,European
HG00371,European
HG00372,European
HG00373,European
HG00375,European
HG00376,European
HG00377,European
HG00378,European
HG00379,European
HG00380,European
HG00381,European
HG00382,European
HG00383,European
HG00384,European
HG00403,East Asian
HG00404,East Asian
HG00405,East Asian
HG00406,East Asian
HG00407,East Asian
HG00408,East Asian
HG00409,East Asian
HG00410,East Asian
HG00411,East Asian
HG00418,East Asian
HG00419,East Asian
HG00420,East Asian
HG00421,East Asian
HG00422,East Asian
HG00423,East Asian
HG00427,East Asian
HG00428,East Asian
HG00429,East Asian
HG00436,East Asian
HG00437,East Asian
HG00438,East Asian
HG00442,East Asian
HG00443,East Asian
HG00444,East Asian
HG00445,East Asian
HG00446,East Asian
HG00447,East Asian
HG00448,East Asian
HG00449,East Asian
HG00450,East Asian
HG00451,East Asian
HG00452,East Asian
HG00453,East Asian
HG00457,East Asian
HG00458,East Asian
HG00459,East Asian
HG00463,East Asian
HG00464,East Asian
HG00465,East Asian
HG00472,East Asian
HG00473,East Asian
HG00474,East Asian
HG00475,East Asian
HG00476,East Asian
HG00477,East Asian
HG00478,East Asian
HG00479,East Asian
HG00480,East Asian
HG00500,East Asian
HG00501,East Asian
HG00502,East Asian
HG00512,East Asian
HG00513,East Asian
HG00514,East Asian
HG00524,East Asian
HG00525,East Asian
HG00526,East Asian
HG00530,East Asian
HG00531,East Asian
HG00532,East Asian
HG00533,East Asian
HG00534,East Asian
HG00535,East Asian
HG00536,East Asian
HG00537,East Asian
HG00538,East Asian
HG00542,East Asian
HG00543,East Asian
HG00544,East Asian
HG00551,Ad Mixed American
HG00552,Ad Mixed American
HG00553,Ad Mixed American
HG00554,Ad Mixed American
HG00555,Ad Mixed American
HG00556,East Asian
HG00557,East Asian
HG00558,East Asian
HG00559,East Asian
HG00560,East Asian
HG00561,East Asian
HG00565,East Asian
HG00566,East Asian
HG00567,East Asian
HG00577,East Asian
HG00578,East Asian
HG00579,East Asian
HG00580,East Asian
HG00581,East Asian
HG00582,East Asian
HG00583,East Asian
HG00584,East Asian
HG00585,East Asian
HG00589,East Asian
HG00590,East Asian
HG00591,East Asian
HG00592,East Asian
HG00593,East Asian
HG00594,East Asian
HG00595,East Asian
HG00596,East Asian
HG00597,East Asian
HG00598,East Asian
HG00599,East Asian
HG00600,East Asian
HG00607,East Asian
HG00608,East Asian
HG00609,East Asian
HG00610,East Asian
HG00611,East Asian
HG00612,East Asian
HG00613,East Asian
HG00614,East Asian
HG00615,East Asian
HG00619,East Asian
HG00620,East Asian
HG00621,East Asian
HG00622,East Asian
HG00623,East Asian
HG00624,East Asian
HG00625,East Asian
HG00626,East Asian
HG00627,East Asian
HG00628,East Asian
HG00629,East Asian
HG00630,East Asian
HG00631,East Asian
HG00632,East Asian
HG00633,East Asian
HG00634,East Asian
HG00635,East Asian
HG00636,East Asian
HG00637,Ad Mixed American
HG00638,Ad Mixed American
HG00639,Ad Mixed American
HG00640,Ad Mixed American
HG00641,Ad Mixed American
HG00642,Ad Mixed American
HG00650,East Asian
HG00651,East Asian
HG00652,East Asian
HG00653,East Asian
HG00654,East Asian
HG00655,East Asian
HG00656,East Asian
HG00657,East Asian
HG00658,East Asian
HG00662,East Asian
HG00663,East Asian
HG00664,East Asian
HG00671,East Asian
HG00672,East Asian
HG00673,East Asian
HG00674,East Asian
HG00675,East Asian
HG00676,East Asian
HG00683,East Asian
HG00684,East Asian
HG00685,East Asian
HG00689,East Asian
HG00690,East Asian
HG00691,East Asian
HG00692,East Asian
HG00693,East Asian
HG00694,East Asian
HG00698,East Asian
HG00699,East Asian
HG00700,East Asian
HG00701,East Asian
HG00702,East Asian
HG00703,East Asian
HG00704,East Asian
HG00705,East Asian
HG00706,East Asian
HG00707,East Asian
HG00708,East Asian
HG00709,East Asian
HG00716,East Asian
HG00717,East Asian
HG00718,East Asian
HG00728,East Asian
HG00729,East Asian
HG00730,East Asian
HG00731,Ad Mixed American
HG00732,Ad Mixed American
HG00733,Ad Mixed American
HG00734,Ad Mixed American
HG00735,Ad Mixed American
HG00736,Ad Mixed American
HG00737,Ad Mixed American
HG00738,Ad Mixed American
HG00739,Ad Mixed American
HG00740,Ad Mixed American
HG00741,Ad Mixed American
HG00742,Ad Mixed American
HG00743,Ad Mixed American
HG00759,East Asian
HG00766,East Asian
HG00844,East Asian
HG00851,East Asian
HG00864,East Asian
HG00866,East Asian
HG00867,East Asian
HG00879,East Asian
HG00881,East Asian
HG00956,East Asian
HG00978,East Asian
HG00982,East Asian
HG00983,East Asian
HG01028,East Asian
HG01029,East Asian
HG01031,East Asian
HG01046,East Asian
HG01047,Ad Mixed American
HG01048,Ad Mixed American
HG01049,Ad Mixed American
HG01050,Ad Mixed American
HG01051,Ad Mixed American
HG01052,Ad Mixed American
HG01053,Ad Mixed American
HG01054,Ad Mixed American
HG01055,Ad Mixed American
HG01056,Ad Mixed American
HG01058,Ad Mixed American
HG01060,Ad Mixed American
HG01061,Ad Mixed American
HG01062,Ad Mixed American
HG01063,Ad Mixed American
HG01064,Ad Mixed American
HG01066,Ad Mixed American
HG01067,Ad Mixed American
HG01068,Ad Mixed American
HG01069,Ad Mixed American
HG01070,Ad Mixed American
HG01071,Ad Mixed American
HG01072,Ad Mixed American
HG01073,Ad Mixed American
HG01074,Ad Mixed American
HG01075,Ad Mixed American
HG01077,Ad Mixed American
HG01079,Ad Mixed American
HG01080,Ad Mixed American
HG01081,Ad Mixed American
HG01082,Ad Mixed American
HG01083,Ad Mixed American
HG01084,Ad Mixed American
HG01085,Ad Mixed American
HG01086,Ad Mixed American
HG01087,Ad Mixed American
HG01088,Ad Mixed American
HG01089,Ad Mixed American
HG01090,Ad Mixed American
HG01092,Ad Mixed American
HG01094,Ad Mixed American
HG01095,Ad Mixed American
HG01096,Ad Mixed American
HG01097,Ad Mixed American
HG01098,Ad Mixed American
HG01099,Ad Mixed American
HG01100,Ad Mixed American
HG01101,Ad Mixed American
HG01102,Ad Mixed American
HG01103,Ad Mixed American
HG01104,Ad Mixed American
HG01105,Ad Mixed American
HG01106,Ad Mixed American
HG01107,Ad Mixed American
HG01108,Ad Mixed American
HG01109,Ad Mixed American
HG01110,Ad Mixed American
HG01111,Ad Mixed American
HG01112,Ad Mixed American
HG01113,Ad Mixed American
HG01114,Ad Mixed American
HG01119,Ad Mixed American
HG01121,Ad Mixed American
HG01122,Ad Mixed American
HG01123,Ad Mixed American
HG01124,Ad Mixed American
HG01125,Ad Mixed American
HG01126,Ad Mixed American
HG01130,Ad Mixed American
HG01131,Ad Mixed American
HG01133,Ad Mixed American
HG01134,Ad Mixed American
HG01135,Ad Mixed American
HG01136,Ad Mixed American
HG01137,Ad Mixed American
HG01138,Ad Mixed American
HG01139,Ad Mixed American
HG01140,Ad Mixed American
HG01141,Ad Mixed American
HG01142,Ad Mixed American
HG01148,Ad Mixed American
HG01149,Ad Mixed American
HG01150,Ad Mixed American
HG01161,Ad Mixed American
HG01162,Ad Mixed American
HG01164,Ad Mixed American
HG01167,Ad Mixed American
HG01168,Ad Mixed American
HG01169,Ad Mixed American
HG01170,Ad Mixed American
HG01171,Ad Mixed American
HG01172,Ad Mixed American
HG01173,Ad Mixed American
HG01174,Ad Mixed American
HG01175,Ad Mixed American
HG01176,Ad Mixed American
HG01177,Ad Mixed American
HG01178,Ad Mixed American
HG01182,Ad Mixed American
HG01183,Ad Mixed American
HG01184,Ad Mixed American
HG01187,Ad Mixed American
HG01188,Ad Mixed American
HG01189,Ad Mixed American
HG01190,Ad Mixed American
HG01191,Ad Mixed American
HG01192,Ad Mixed American
HG01195,Ad Mixed American
HG01197,Ad Mixed American
HG01198,Ad Mixed American
HG01199,Ad Mixed American
HG01200,Ad Mixed American
HG01204,Ad Mixed American
HG01205,Ad Mixed American
HG01206,Ad Mixed American
HG01241,Ad Mixed American
HG01242,Ad Mixed American
HG01243,Ad Mixed American
HG01247,Ad Mixed American
HG01248,Ad Mixed American
HG01249,Ad Mixed American
HG01250,Ad Mixed American
HG01251,Ad Mixed American
HG01252,Ad Mixed American
HG01253,Ad Mixed American
HG01254,Ad Mixed American
HG01255,Ad Mixed American
HG01256,Ad Mixed American
HG01257,Ad Mixed American
HG01258,Ad Mixed American
HG01259,Ad Mixed American
HG01260,Ad Mixed American
HG01261,Ad Mixed American
HG01269,Ad Mixed American
HG01271,Ad Mixed American
HG01272,Ad Mixed American
HG01273,Ad Mixed American
HG01274,Ad Mixed American
HG01275,Ad Mixed American
HG01276,Ad Mixed American
HG01277,Ad Mixed American
HG01278,Ad Mixed American
HG01279,Ad Mixed American
HG01280,Ad Mixed American
HG01281,Ad Mixed American
HG01284,Ad Mixed American
HG01286,Ad Mixed American
HG01301,Ad Mixed American
HG01302,Ad Mixed American
HG01303,Ad Mixed American
HG01305,Ad Mixed American
HG01308,Ad Mixed American
HG01311,Ad Mixed American
HG01312,Ad Mixed American
HG01322,Ad Mixed American
HG01323,Ad Mixed American
HG01324,Ad Mixed American
HG01325,Ad Mixed American
HG01326,Ad Mixed American
HG01327,Ad Mixed American
HG01334,European
HG01341,Ad Mixed American
HG01342,Ad Mixed American
HG01343,Ad Mixed American
HG01344,Ad Mixed American
HG01345,Ad Mixed American
HG01346,Ad Mixed American
HG01347,Ad Mixed American
HG01348,Ad Mixed American
HG01349,Ad Mixed American
HG01350,Ad Mixed American
HG01351,Ad Mixed American
HG01352,Ad Mixed American
HG01353,Ad Mixed American
HG01354,Ad Mixed American
HG01355,Ad Mixed American
HG01356,Ad Mixed American
HG01357,Ad Mixed American
HG01358,Ad Mixed American
HG01359,Ad Mixed American
HG01360,Ad Mixed American
HG01361,Ad Mixed American
HG01362,Ad Mixed American
HG01363,Ad Mixed American
HG01364,Ad Mixed American
HG01365,Ad Mixed American
HG01366,Ad Mixed American
HG01367,Ad Mixed American
HG01369,Ad Mixed American
HG01372,Ad Mixed American
HG01374,Ad Mixed American
HG01375,Ad Mixed American
HG01376,Ad Mixed American
HG01377,Ad Mixed American
HG01378,Ad Mixed American
HG01379,Ad Mixed American
HG01383,Ad Mixed American
HG01384,Ad Mixed American
HG01385,Ad Mixed American
HG01389,Ad Mixed American
HG01390,Ad Mixed American
HG01391,Ad Mixed American
HG01392,Ad Mixed American
HG01393,Ad Mixed American
HG01394,Ad Mixed American
HG01395,Ad Mixed American
HG01396,Ad Mixed American
HG01397,Ad Mixed American
HG01398,Ad Mixed American
HG01402,Ad Mixed American
HG01403,Ad Mixed American
HG01404,Ad Mixed American
HG01405,Ad Mixed American
HG01411,Ad Mixed American
HG01412,Ad Mixed American
HG01413,Ad Mixed American
HG01414,Ad Mixed American
HG01415,Ad Mixed American
HG01431,Ad Mixed American
HG01432,Ad Mixed American
HG01433,Ad Mixed American
HG01435,Ad Mixed American
HG01437,Ad Mixed American
HG01438,Ad Mixed American
HG01439,Ad Mixed American
HG01440,Ad Mixed American
HG01441,Ad Mixed American
HG01442,Ad Mixed American
HG01443,Ad Mixed American
HG01444,Ad Mixed American
HG01445,Ad Mixed American
HG01447,Ad Mixed American
HG01452,Ad Mixed American
HG01453,Ad Mixed American
HG01454,Ad Mixed American
HG01455,Ad Mixed American
HG01456,Ad Mixed American
HG01457,Ad Mixed American
HG01459,Ad Mixed American
HG01461,Ad Mixed American
HG01462,Ad Mixed American
HG01463,Ad Mixed American
HG01464,Ad Mixed American
HG01465,Ad Mixed American
HG01466,Ad Mixed American
HG01468,Ad Mixed American
HG01471,Ad Mixed American
HG01473,Ad Mixed American
HG01474,Ad Mixed American
HG01477,Ad Mixed American
HG01479,Ad Mixed American
HG01480,Ad Mixed American
HG01481,Ad Mixed American
HG01482,Ad Mixed American
HG01483,Ad Mixed American
HG01484,Ad Mixed American
HG01485,Ad Mixed American
HG01486,Ad Mixed American
HG01487,Ad Mixed American
HG01488,Ad Mixed American
HG01489,Ad Mixed American
HG01490,Ad Mixed American
HG01491,Ad Mixed American
HG01492,Ad Mixed American
HG01493,Ad Mixed American
HG01494,Ad Mixed American
HG01495,Ad Mixed American
HG01496,Ad Mixed American
HG01497,Ad Mixed American
HG01498,Ad Mixed American
HG01499,Ad Mixed American
HG01500,European
HG01501,European
HG01502,European
HG01503,European
HG01504,European
HG01505,European
HG01506,European
HG01507,European
HG01508,European
HG01509,European
HG01510,European
HG01511,European
HG01512,European
HG01513,European
HG01514,European
HG01515,European
HG01516,European
HG01517,European
HG01518,European
HG01519,European
HG01520,European
HG01521,European
HG01522,European
HG01523,European
HG01524,European
HG01525,European
HG01526,European
HG01527,European
HG01528,European
HG01529,European
HG01530,European
HG01531,European
HG01532,European
HG01536,European
HG01537,European
HG01538,European
HG01550,Ad Mixed American
HG01551,Ad Mixed American
HG01552,Ad Mixed American
HG01556,Ad Mixed American
HG01565,Ad Mixed American
HG01566,Ad Mixed American
HG01567,Ad Mixed American
HG01571,Ad Mixed American
HG01572,Ad Mixed American
HG01573,Ad Mixed American
HG01577,Ad Mixed American
HG01578,Ad Mixed American
HG01579,Ad Mixed American
HG01583,South Asian
HG01586,South Asian
HG01589,South Asian
HG01590,South Asian
HG01593,South Asian
HG01594,South Asian
HG01595,East Asian
HG01596,East Asian
HG01597,East Asian
HG01598,East Asian
HG01599,East Asian
HG01600,East Asian
HG01601,European
HG01602,European
HG01603,European
HG01604,European
HG01605,European
HG01606,European
HG01607,European
HG01608,European
HG01609,European
HG01610,European
HG01611,European
HG01612,European
HG01613,European
HG01614,European
HG01615,European
HG01616,European
HG01617,European
HG01618,European
HG01619,European
HG01620,European
HG01621,European
HG01622,European
HG01623,European
HG01624,European
HG01625,European
HG01626,European
HG01627,European
HG01628,European
HG01629,European
HG01630,European
HG01631,European
HG01632,European
HG01633,European
HG01667,European
HG01668,European
HG01669,European
HG01670,European
HG01671,European
HG01672,European
HG01673,European
HG01674,European
HG01675,European
HG01676,European
HG01677,European
HG01678,European
HG01679,European
HG01680,European
HG01681,European
HG01682,European
HG01683,European
HG01684,European
HG01685,European
HG01686,European
HG01687,European
HG01694,European
HG01695,European
HG01696,European
HG01697,European
HG01698,European
HG01699,European
HG01700,European
HG01701,European
HG01702,European
HG01703,European
HG01704,European
HG01705,European
HG01706,European
HG01707,European
HG01708,European
HG01709,European
HG01710,European
HG01711,European
HG01746,European
HG01747,European
HG01748,European
HG01755,European
HG01756,European
HG01757,European
HG01761,European
HG01762,European
HG01763,European
HG01764,European
HG01765,European
HG01766,European
HG01767,European
HG01768,European
HG01769,European
HG01770,European
HG01771,European
HG01772,European
HG01773,European
HG01774,European
HG01775,European
HG01776,European
HG01777,European
HG01778,European
HG01779,European
HG01780,European
HG01781,European
HG01782,European
HG01783,European
HG01784,European
HG01785,European
HG01786,European
HG01787,European
HG01789,European
HG01790,European
HG01791,European
HG01794,East Asian
HG01795,East Asian
HG01796,East Asian
HG01797,East Asian
HG01798,East Asian
HG01799,East Asian
HG01800,East Asian
HG01801,East Asian
HG01802,East Asian
HG01804,East Asian
HG01805,East Asian
HG01806,East Asian
HG01807,East Asian
HG01808,East Asian
HG01809,East Asian
HG01810,East Asian
HG01811,East Asian
HG01812,East Asian
HG01813,East Asian
HG01815,East Asian
HG01816,East Asian
HG01817,East Asian
HG01840,East Asian
HG01841,East Asian
HG01842,East Asian
HG01843,East Asian
HG01844,East Asian
HG01845,East Asian
HG01846,East Asian
HG01847,East Asian
HG01848,East Asian
HG01849,East Asian
HG01850,East Asian
HG01851,East Asian
HG01852,East Asian
HG01853,East Asian
HG01855,East Asian
HG01857,East Asian
HG01858,East Asian
HG01859,East Asian
HG01860,East Asian
HG01861,East Asian
HG01862,East Asian
HG01863,East Asian
HG01864,East Asian
HG01865,East Asian
HG01866,East Asian
HG01867,East Asian
HG01868,East Asian
HG01869,East Asian
HG01870,East Asian
HG01871,East Asian
HG01872,East Asian
HG01873,East Asian
HG01874,East Asian
HG01878,East Asian
HG01879,African
HG01880,African
HG01881,African
HG01882,African
HG01883,African
HG01884,African
HG01885,African
HG01886,African
HG01887,African
HG01888,African
HG01889,African
HG01890,African
HG01891,African
HG01892,Ad Mixed American
HG01893,Ad Mixed American
HG01894,African
HG01895,African
HG01896,African
HG01897,African
HG01898,Ad Mixed American
HG01912,African
HG01914,African
HG01915,African
HG01916,African
HG01917,Ad Mixed American
HG01918,Ad Mixed American
HG01919,Ad Mixed American
HG01920,Ad Mixed American
HG01921,Ad Mixed American
HG01922,Ad Mixed American
HG01923,Ad Mixed American
HG01924,Ad Mixed American
HG01925,Ad Mixed American
HG01926,Ad Mixed American
HG01927,Ad Mixed American
HG01928,Ad Mixed American
HG01932,Ad Mixed American
HG01933,Ad Mixed American
HG01934,Ad Mixed American
HG01935,Ad Mixed American
HG01936,Ad Mixed American
HG01937,Ad Mixed American
HG01938,Ad Mixed American
HG01939,Ad Mixed American
HG01940,Ad Mixed American
HG01941,Ad Mixed American
HG01942,Ad Mixed American
HG01943,Ad Mixed American
HG01944,Ad Mixed American
HG01945,Ad Mixed American
HG01946,Ad Mixed American
HG01947,Ad Mixed American
HG01948,Ad Mixed American
HG01949,Ad Mixed American
HG01950,Ad Mixed American
HG01951,Ad Mixed American
HG01952,Ad Mixed American
HG01953,Ad Mixed American
HG01954,Ad Mixed American
HG01955,Ad Mixed American
HG01956,African
HG01958,African
HG01959,African
HG01960,African
HG01961,Ad Mixed American
HG01965,Ad Mixed American
HG01967,Ad Mixed American
HG01968,Ad Mixed American
HG01969,Ad Mixed American
HG01970,Ad Mixed American
HG01971,Ad Mixed American
HG01972,Ad Mixed American
HG01973,Ad Mixed American
HG01974,Ad Mixed American
HG01975,Ad Mixed American
HG01976,Ad Mixed American
HG01977,Ad Mixed American
HG01978,Ad Mixed American
HG01979,Ad Mixed American
HG01980,Ad Mixed American
HG01981,Ad Mixed American
HG01982,Ad Mixed American
HG01983,Ad Mixed American
HG01984,Ad Mixed American
HG01985,African
HG01986,African
HG01987,African
HG01988,African
HG01989,African
HG01990,African
HG01991,Ad Mixed American
HG01992,Ad Mixed American
HG01993,Ad Mixed American
HG01995,Ad Mixed American
HG01997,Ad Mixed American
HG01998,Ad Mixed American
HG02002,Ad Mixed American
HG02003,Ad Mixed American
HG02004,Ad Mixed American
HG02006,Ad Mixed American
HG02008,Ad Mixed American
HG02009,African
HG02010,African
HG02011,African
HG02012,African
HG02013,African
HG02014,African
HG02015,East Asian
HG02016,East Asian
HG02017,East Asian
HG02018,East Asian
HG02019,East Asian
HG02020,East Asian
HG02021,East Asian
HG02023,East Asian
HG02024,East Asian
HG02025,East Asian
HG02026,East Asian
HG02027,East Asian
HG02028,East Asian
HG02029,East Asian
HG02030,East Asian
HG02031,East Asian
HG02032,East Asian
HG02035,East Asian
HG02040,East Asian
HG02046,East Asian
HG02047,East Asian
HG02048,East Asian
HG02049,East Asian
HG02050,East Asian
HG02051,African
HG02052,African
HG02053,African
HG02054,African
HG02055,African
HG02056,East Asian
HG02057,East Asian
HG02058,East Asian
HG02059,East Asian
HG02060,East Asian
HG02061,East Asian
HG02064,East Asian
HG02067,East Asian
HG02068,East Asian
HG02069,East Asian
HG02070,East Asian
HG02071,East Asian
HG02072,East Asian
HG02073,East Asian
HG02074,East Asian
HG02075,East Asian
HG02076,East Asian
HG02077,East Asian
HG02078,East Asian
HG02079,East Asian
HG02080,East Asian
HG02081,East Asian
HG02082,East Asian
HG02083,East Asian
HG02084,East Asian
HG02085,East Asian
HG02086,East Asian
HG02087,East Asian
HG02088,East Asian
HG02089,Ad Mixed American
HG02090,Ad Mixed American
HG02091,Ad Mixed American
HG02095,African
HG02102,Ad Mixed American
HG02104,Ad Mixed American
HG02105,Ad Mixed American
HG02106,Ad Mixed American
HG02107,African
HG02108,African
HG02111,African
HG02113,East Asian
HG02116,East Asian
HG02120,East Asian
HG02121,East Asian
HG02122,East Asian
HG02126,East Asian
HG02127,East Asian
HG02128,East Asian
HG02129,East Asian
HG02130,East Asian
HG02131,East Asian
HG02132,East Asian
HG02133,East Asian
HG02134,East Asian
HG02135,East Asian
HG02136,East Asian
HG02137,East Asian
HG02138,East Asian
HG02139,East Asian
HG02140,East Asian
HG02141,East Asian
HG02142,East Asian
HG02143,African
HG02144,African
HG02145,African
HG02146,Ad Mixed American
HG02147,Ad Mixed American
HG02148,Ad Mixed American
HG02150,Ad Mixed American
HG02151,East Asian
HG02152,East Asian
HG02153,East Asian
HG02154,East Asian
HG02155,East Asian
HG02156,East Asian
HG02164,East Asian
HG02165,East Asian
HG02166,East Asian
HG02168,East Asian
HG02169,East Asian
HG02170,East Asian
HG02173,East Asian
HG02176,East Asian
HG02178,East Asian
HG02179,East Asian
HG02180,East Asian
HG02181,East Asian
HG02182,East Asian
HG02184,East Asian
HG02185,East Asian
HG02186,East Asian
HG02187,East Asian
HG02188,East Asian
HG02189,East Asian
HG02190,East Asian
HG02215,European
HG02217,European
HG02218,European
HG02219,European
HG02220,European
HG02221,European
HG02222,European
HG02223,European
HG02224,European
HG02225,European
HG02229,European
HG02230,European
HG02231,European
HG02232,European
HG02233,European
HG02234,European
HG02235,European
HG02236,European
HG02237,European
HG02238,European
HG02239,European
HG02240,European
HG02250,East Asian
HG02252,Ad Mixed American
HG02253,Ad Mixed American
HG02254,Ad Mixed American
HG02255,African
HG02256,African
HG02257,African
HG02258,African
HG02259,Ad Mixed American
HG02260,Ad Mixed American
HG02261,Ad Mixed American
HG02262,Ad Mixed American
HG02265,Ad Mixed American
HG02266,Ad Mixed American
HG02267,Ad Mixed American
HG02271,Ad Mixed American
HG02272,Ad Mixed American
HG02273,Ad Mixed American
HG02274,Ad Mixed American
HG02275,Ad Mixed American
HG02276,Ad Mixed American
HG02277,Ad Mixed American
HG02278,Ad Mixed American
HG02279,Ad Mixed American
HG02280,African
HG02281,African
HG02282,African
HG02283,African
HG02284,African
HG02285,Ad Mixed American
HG02286,Ad Mixed American
HG02287,Ad Mixed American
HG02288,Ad Mixed American
HG02291,Ad Mixed American
HG02292,Ad Mixed American
HG02293,Ad Mixed American
HG02298,Ad Mixed American
HG02299,Ad Mixed American
HG02300,Ad Mixed American
HG02301,Ad Mixed American
HG02302,Ad Mixed American
HG02303,Ad Mixed American
HG02304,Ad Mixed American
HG02307,African
HG02308,African
HG02309,African
HG02312,Ad Mixed American
HG02314,African
HG02315,African
HG02316,African
HG02317,African
HG02318,African
HG02321,African
HG02322,African
HG02323,African
HG02325,African
HG02330,African
HG02332,African
HG02334,African
HG02337,African
HG02339,African
HG02343,African
HG02344,Ad Mixed American
HG02345,Ad Mixed American
HG02347,Ad Mixed American
HG02348,Ad Mixed American
HG02351,East Asian
HG02353,East Asian
HG02355,East Asian
HG02356,East Asian
HG02358,East Asian
HG02360,East Asian
HG02363,East Asian
HG02364,East Asian
HG02367,East Asian
HG02371,East Asian
HG02372,East Asian
HG02373,East Asian
HG02374,East Asian
HG02375,East Asian
HG02377,East Asian
HG02379,East Asian
HG02380,East Asian
HG02381,East Asian
HG02382,East Asian
HG02383,East Asian
HG02384,East Asian
HG02385,East Asian
HG02386,East Asian
HG02387,East Asian
HG02388,East Asian
HG02389,East Asian
HG02390,East Asian
HG02391,East Asian
HG02392,East Asian
HG02394,East Asian
HG02395,East Asian
HG02396,East Asian
HG02397,East Asian
HG02398,East Asian
HG02399,East Asian
HG02401,East Asian
HG02402,East Asian
HG02405,East Asian
HG02406,East Asian
HG02407,East Asian
HG02408,East Asian
HG02409,East Asian
HG02410,East Asian
HG02415,Ad Mixed American
HG02419,African
HG02420,African
HG02425,Ad Mixed American
HG02427,African
HG02428,African
HG02429,African
HG02433,African
HG02436,African
HG02439,African
HG02442,African
HG02445,African
HG02449,African
HG02450,African
HG02451,African
HG02455,African
HG02461,African
HG02462,African
HG02463,African
HG02464,African
HG02465,African
HG02466,African
HG02470,African
HG02471,African
HG02476,African
HG02477,African
HG02478,African
HG02479,African
HG02480,African
HG02481,African
HG02484,African
HG02485,African
HG02486,African
HG02489,African
HG02490,South Asian
HG02491,South Asian
HG02492,South Asian
HG02493,South Asian
HG02494,South Asian
HG02495,South Asian
HG02496,African
HG02497,African
HG02501,African
HG02502,African
HG02505,African
HG02508,African
HG02511,African
HG02512,East Asian
HG02513,East Asian
HG02514,East Asian
HG02521,East Asian
HG02522,East Asian
HG02523,East Asian
HG02524,East Asian
HG02525,East Asian
HG02526,East Asian
HG02536,African
HG02537,African
HG02541,African
HG02545,African
HG02546,African
HG02547,African
HG02549,African
HG02554,African
HG02555,African
HG02557,African
HG02558,African
HG02559,African
HG02561,African
HG02562,African
HG02563,African
HG02567,African
HG02568,African
HG02569,African
HG02570,African
HG02571,African
HG02572,African
HG02573,African
HG02574,African
HG02575,African
HG02577,African
HG02580,African
HG02582,African
HG02583,African
HG02584,African
HG02585,African
HG02586,African
HG02587,African
HG02588,African
HG02589,African
HG02590,African
HG02594,African
HG02595,African
HG02596,African
HG02597,South Asian
HG02599,South Asian
HG02600,South Asian
HG02601,South Asian
HG02602,South Asian
HG02603,South Asian
HG02604,South Asian
HG02605,South Asian
HG02610,African
HG02611,African
HG02612,African
HG02613,African
HG02614,African
HG02615,African
HG02620,African
HG02621,African
HG02622,African
HG02623,African
HG02624,African
HG02625,African
HG02628,African
HG02629,African
HG02630,African
HG02634,African
HG02635,African
HG02636,African
HG02642,African
HG02643,African
HG02644,African
HG02645,African
HG02646,African
HG02647,African
HG02648,South Asian
HG02649,South Asian
HG02650,South Asian
HG02651,South Asian
HG02652,South Asian
HG02653,South Asian
HG02654,South Asian
HG02655,South Asian
HG02656,South Asian
HG02657,South Asian
HG02658,South Asian
HG02659,South Asian
HG02660,South Asian
HG02661,South Asian
HG02662,South Asian
HG02666,African
HG02667,African
HG02668,African
HG02675,African
HG02676,African
HG02677,African
HG02678,African
HG02679,African
HG02680,African
HG02681,South Asian
HG02682,South Asian
HG02683,South Asian
HG02684,South Asian
HG02685,South Asian
HG02686,South Asian
HG02687,South Asian
HG02688,South Asian
HG02689,South Asian
HG02690,South Asian
HG02691,South Asian
HG02692,South Asian
HG02694,South Asian
HG02696,South Asian
HG02697,South Asian
HG02698,South Asian
HG02699,South Asian
HG02700,South Asian
HG02701,South Asian
HG02702,African
HG02703,African
HG02704,African
HG02715,African
HG02716,African
HG02717,African
HG02721,African
HG02722,African
HG02723,African
HG02724,South Asian
HG02725,South Asian
HG02726,South Asian
HG02727,South Asian
HG02728,South Asian
HG02729,South Asian
HG02731,South Asian
HG02733,South Asian
HG02734,South Asian
HG02735,South Asian
HG02736,South Asian
HG02737,South Asian
HG02738,South Asian
HG02756,African
HG02757,African
HG02758,African
HG02759,African
HG02760,African
HG02761,African
HG02762,African
HG02763,African
HG02764,African
HG02768,African
HG02769,African
HG02770,African
HG02771,African
HG02772,African
HG02773,African
HG02774,South Asian
HG02775,South Asian
HG02776,South Asian
HG02778,South Asian
HG02779,South Asian
HG02780,South Asian
HG02781,South Asian
HG02783,South Asian
HG02784,South Asian
HG02785,South Asian
HG02786,South Asian
HG02787,South Asian
HG02788,South Asian
HG02789,South Asian
HG02790,South Asian
HG02791,South Asian
HG02792,South Asian
HG02793,South Asian
HG02794,South Asian
HG02798,African
HG02799,African
HG02800,African
HG02804,African
HG02805,African
HG02806,African
HG02807,African
HG02808,African
HG02809,African
HG02810,African
HG02811,African
HG02812,African
HG02813,African
HG02814,African
HG02815,African
HG02816,African
HG02817,African
HG02818,African
HG02819,African
HG02820,African
HG02821,African
HG02836,African
HG02837,African
HG02838,African
HG02839,African
HG02840,African
HG02841,African
HG02851,African
HG02852,African
HG02853,African
HG02854,African
HG02855,African
HG02856,African
HG02860,African
HG02861,African
HG02862,African
HG02869,African
HG02870,African
HG02871,African
HG02878,African
HG02879,African
HG02880,African
HG02881,African
HG02882,African
HG02883,African
HG02884,African
HG02885,African
HG02886,African
HG02887,African
HG02888,African
HG02889,African
HG02890,African
HG02891,African
HG02892,African
HG02895,African
HG02896,African
HG02897,African
HG02922,African
HG02923,African
HG02924,African
HG02938,African
HG02939,African
HG02941,African
HG02942,African
HG02943,African
HG02944,African
HG02945,African
HG02946,African
HG02947,African
HG02948,African
HG02952,African
HG02953,African
HG02954,African
HG02964,African
HG02965,African
HG02966,African
HG02968,African
HG02969,African
HG02970,African
HG02971,African
HG02972,African
HG02973,African
HG02974,African
HG02975,African
HG02976,African
HG02977,African
HG02978,African
HG02979,African
HG02980,African
HG02981,African
HG02982,African
HG02983,African
HG02984,African
HG03006,South Asian
HG03007,South Asian
HG03008,South Asian
HG03009,South Asian
HG03012,South Asian
HG03015,South Asian
HG03016,South Asian
HG03017,South Asian
HG03018,South Asian
HG03019,South Asian
HG03021,South Asian
HG03022,South Asian
HG03023,South Asian
HG03024,African
HG03025,African
HG03026,African
HG03027,African
HG03028,African
HG03029,African
HG03033,African
HG03034,African
HG03035,African
HG03039,African
HG03040,African
HG03041,African
HG03045,African
HG03046,African
HG03047,African
HG03048,African
HG03049,African
HG03050,African
HG03052,African
HG03053,African
HG03054,African
HG03055,African
HG03056,African
HG03057,African
HG03058,African
HG03059,African
HG03060,African
HG03061,African
HG03062,African
HG03063,African
HG03064,African
HG03065,African
HG03066,African
HG03069,African
HG03072,African
HG03073,African
HG03074,African
HG03076,African
HG03077,African
HG03078,African
HG03079,African
HG03080,African
HG03081,African
HG03082,African
HG03084,African
HG03085,African
HG03086,African
HG03088,African
HG03091,African
HG03095,African
HG03096,African
HG03097,African
HG03098,African
HG03099,African
HG03100,African
HG03101,African
HG03103,African
HG03104,African
HG03105,African
HG03107,African
HG03108,African
HG03109,African
HG03110,African
HG03111,African
HG03112,African
HG03113,African
HG03114,African
HG03115,African
HG03116,African
HG03117,African
HG03118,African
HG03119,African
HG03120,African
HG03121,African
HG03122,African
HG03123,African
HG03124,African
HG03125,African
HG03126,African
HG03127,African
HG03128,African
HG03129,African
HG03130,African
HG03131,African
HG03132,African
HG03133,African
HG03134,African
HG03135,African
HG03136,African
HG03137,African
HG03139,African
HG03140,African
HG03157,African
HG03158,African
HG03159,African
HG03160,African
HG03161,African
HG03162,African
HG03163,African
HG03164,African
HG03166,African
HG03167,African
HG03168,African
HG03169,African
HG03170,African
HG03171,African
HG03172,African
HG03173,African
HG03175,African
HG03176,African
HG03189,African
HG03190,African
HG03191,African
HG03193,African
HG03194,African
HG03195,African
HG03196,African
HG03197,African
HG03198,African
HG03199,African
HG03200,African
HG03202,African
HG03203,African
HG03209,African
HG03212,African
HG03224,African
HG03225,African
HG03228,South Asian
HG03229,South Asian
HG03230,South Asian
HG03234,South Asian
HG03235,South Asian
HG03236,South Asian
HG03237,South Asian
HG03238,South Asian
HG03239,South Asian
HG03240,African
HG03241,African
HG03242,African
HG03246,African
HG03247,African
HG03248,African
HG03249,African
HG03250,African
HG03251,African
HG03258,African
HG03259,African
HG03260,African
HG03265,African
HG03266,African
HG03267,African
HG03268,African
HG03269,African
HG03270,African
HG03271,African
HG03272,African
HG03279,African
HG03280,African
HG03291,African
HG03293,African
HG03294,African
HG03295,African
HG03296,African
HG03297,African
HG03298,African
HG03299,African
HG03300,African
HG03301,African
HG03302,African
HG03303,African
HG03304,African
HG03305,African
HG03306,African
HG03307,African
HG03308,African
HG03309,African
HG03310,African
HG03311,African
HG03312,African
HG03313,African
HG03314,African
HG03339,African
HG03341,African
HG03342,African
HG03343,African
HG03344,African
HG03350,African
HG03351,African
HG03352,African
HG03354,African
HG03361,African
HG03362,African
HG03363,African
HG03365,African
HG03366,African
HG03367,African
HG03368,African
HG03369,African
HG03370,African
HG03371,African
HG03372,African
HG03373,African
HG03374,African
HG03376,African
HG03378,African
HG03380,African
HG03381,African
HG03382,African
HG03383,African
HG03384,African
HG03385,African
HG03388,African
HG03390,African
HG03391,African
HG03393,African
HG03394,African
HG03397,African
HG03398,African
HG03399,African
HG03401,African
HG03402,African
HG03408,African
HG03410,African
HG03411,African
HG03419,African
HG03428,African
HG03431,African
HG03432,African
HG03433,African
HG03436,African
HG03437,African
HG03438,African
HG03439,African
HG03442,African
HG03445,African
HG03446,African
HG03449,African
HG03450,African
HG03451,African
HG03452,African
HG03453,African
HG03454,African
HG03455,African
HG03456,African
HG03457,African
HG03458,African
HG03459,African
HG03460,African
HG03461,African
HG03462,African
HG03464,African
HG03465,African
HG03466,African
HG03468,African
HG03469,African
HG03470,African
HG03471,African
HG03472,African
HG03473,African
HG03474,African
HG03476,African
HG03477,African
HG03478,African
HG03479,African
HG03480,African
HG03484,African
HG03485,African
HG03486,African
HG03487,South Asian
HG03488,South Asian
HG03489,South Asian
HG03490,South Asian
HG03491,South Asian
HG03492,South Asian
HG03493,African
HG03499,African
HG03508,African
HG03510,African
HG03511,African
HG03513,African
HG03514,African
HG03515,African
HG03516,African
HG03517,African
HG03518,African
HG03519,African
HG03520,African
HG03521,African
HG03522,African
HG03538,African
HG03539,African
HG03540,African
HG03547,African
HG03548,African
HG03549,African
HG03556,African
HG03557,African
HG03558,African
HG03559,African
HG03563,African
HG03564,African
HG03565,African
HG03566,African
HG03567,African
HG03569,African
HG03571,African
HG03572,African
HG03574,African
HG03575,African
HG03576,African
HG03577,African
HG03578,African
HG03579,African
HG03582,African
HG03583,African
HG03584,African
HG03585,South Asian
HG03587,South Asian
HG03589,South Asian
HG03590,South Asian
HG03593,South Asian
HG03594,South Asian
HG03595,South Asian
HG03596,South Asian
HG03598,South Asian
HG03599,South Asian
HG03600,South Asian
HG03602,South Asian
HG03603,South Asian
HG03604,South Asian
HG03605,South Asian
HG03606,South Asian
HG03607,South Asian
HG03611,South Asian
HG03615,South Asian
HG03616,South Asian
HG03617,South Asian
HG03618,South Asian
HG03619,South Asian
HG03620,South Asian
HG03621,South Asian
HG03624,South Asian
HG03625,South Asian
HG03626,South Asian
HG03629,South Asian
HG03631,South Asian
HG03633,South Asian
HG03634,South Asian
HG03635,South Asian
HG03636,South Asian
HG03638,South Asian
HG03639,South Asian
HG03640,South Asian
HG03641,South Asian
HG03642,South Asian
HG03643,South Asian
HG03644,South Asian
HG03645,South Asian
HG03646,South Asian
HG03649,South Asian
HG03650,South Asian
HG03651,South Asian
HG03652,South Asian
HG03653,South Asian
HG03654,South Asian
HG03656,South Asian
HG03657,South Asian
HG03660,South Asian
HG03663,South Asian
HG03667,South Asian
HG03668,South Asian
HG03669,South Asian
HG03672,South Asian
HG03673,South Asian
HG03679,South Asian
HG03680,South Asian
HG03681,South Asian
HG03682,South Asian
HG03683,South Asian
HG03684,South Asian
HG03685,South Asian
HG03686,South Asian
HG03687,South Asian
HG03688,South Asian
HG03689,South Asian
HG03690,South Asian
HG03691,South Asian
HG03692,South Asian
HG03693,South Asian
HG03694,South Asian
HG03695,South Asian
HG03696,South Asian
HG03697,South Asian
HG03698,South Asian
HG03699,South Asian
HG03700,South Asian
HG03701,South Asian
HG03702,South Asian
HG03703,South Asian
HG03704,South Asian
HG03705,South Asian
HG03706,South Asian
HG03707,South Asian
HG03708,South Asian
HG03709,South Asian
HG03710,South Asian
HG03711,South Asian
HG03713,South Asian
HG03714,South Asian
HG03715,South Asian
HG03716,South Asian
HG03717,South Asian
HG03718,South Asian
HG03719,South Asian
HG03720,South Asian
HG03721,South Asian
HG03722,South Asian
HG03723,South Asian
HG03725,South Asian
HG03727,South Asian
HG03729,South Asian
HG03730,South Asian
HG03731,South Asian
HG03732,South Asian
HG03733,South Asian
HG03736,South Asian
HG03738,South Asian
HG03740,South Asian
HG03741,South Asian
HG03742,South Asian
HG03743,South Asian
HG03744,South Asian
HG03745,South Asian
HG03746,South Asian
HG03750,South Asian
HG03752,South Asian
HG03753,South Asian
HG03754,South Asian
HG03755,South Asian
HG03756,South Asian
HG03757,South Asian
HG03760,South Asian
HG03761,South Asian
HG03762,South Asian
HG03763,South Asian
HG03765,South Asian
HG03766,South Asian
HG03767,South Asian
HG03769,South Asian
HG03770,South Asian
HG03771,South Asian
HG03772,South Asian
HG03773,South Asian
HG03774,South Asian
HG03775,South Asian
HG03777,South Asian
HG03778,South Asian
HG03779,South Asian
HG03780,South Asian
HG03781,South Asian
HG03782,South Asian
HG03783,South Asian
HG03784,South Asian
HG03785,South Asian
HG03786,South Asian
HG03787,South Asian
HG03788,South Asian
HG03789,South Asian
HG03790,South Asian
HG03792,South Asian
HG03793,South Asian
HG03794,South Asian
HG03795,South Asian
HG03796,South Asian
HG03797,South Asian
HG03798,South Asian
HG03799,South Asian
HG03800,South Asian
HG03801,South Asian
HG03802,South Asian
HG03803,South Asian
HG03804,South Asian
HG03805,South Asian
HG03806,South Asian
HG03807,South Asian
HG03808,South Asian
HG03809,South Asian
HG03811,South Asian
HG03812,South Asian
HG03813,South Asian
HG03814,South Asian
HG03815,South Asian
HG03816,South Asian
HG03817,South Asian
HG03821,South Asian
HG03822,South Asian
HG03823,South Asian
HG03824,South Asian
HG03825,South Asian
HG03826,South Asian
HG03829,South Asian
HG03830,South Asian
HG03831,South Asian
HG03832,South Asian
HG03833,South Asian
HG03834,South Asian
HG03835,South Asian
HG03836,South Asian
HG03837,South Asian
HG03838,South Asian
HG03840,South Asian
HG03842,South Asian
HG03844,South Asian
HG03845,South Asian
HG03846,South Asian
HG03847,South Asian
HG03848,South Asian
HG03849,South Asian
HG03850,South Asian
HG03851,South Asian
HG03854,South Asian
HG03856,South Asian
HG03857,South Asian
HG03858,South Asian
HG03861,South Asian
HG03862,South Asian
HG03863,South Asian
HG03864,South Asian
HG03866,South Asian
HG03867,South Asian
HG03868,South Asian
HG03869,South Asian
HG03870,South Asian
HG03871,South Asian
HG03872,South Asian
HG03873,South Asian
HG03874,South Asian
HG03875,South Asian
HG03876,South Asian
HG03879,South Asian
HG03882,South Asian
HG03884,South Asian
HG03885,South Asian
HG03886,South Asian
HG03887,South Asian
HG03888,South Asian
HG03890,South Asian
HG03894,South Asian
HG03895,South Asian
HG03896,South Asian
HG03897,South Asian
HG03898,South Asian
HG03899,South Asian
HG03900,South Asian
HG03901,South Asian
HG03902,South Asian
HG03903,South Asian
HG03904,South Asian
HG03905,South Asian
HG03906,South Asian
HG03907,South Asian
HG03908,South Asian
HG03909,South Asian
HG03910,South Asian
HG03911,South Asian
HG03913,South Asian
HG03914,South Asian
HG03915,South Asian
HG03916,South Asian
HG03917,South Asian
HG03919,South Asian
HG03920,South Asian
HG03922,South Asian
HG03924,South Asian
HG03925,South Asian
HG03926,South Asian
HG03927,South Asian
HG03928,South Asian
HG03929,South Asian
HG03930,South Asian
HG03931,South Asian
HG03934,South Asian
HG03937,South Asian
HG03939,South Asian
HG03940,South Asian
HG03941,South Asian
HG03942,South Asian
HG03943,South Asian
HG03944,South Asian
HG03945,South Asian
HG03947,South Asian
HG03948,South Asian
HG03949,South Asian
HG03950,South Asian
HG03951,South Asian
HG03953,South Asian
HG03955,South Asian
HG03960,South Asian
HG03963,South Asian
HG03965,South Asian
HG03967,South Asian
HG03968,South Asian
HG03969,South Asian
HG03971,South Asian
HG03972,South Asian
HG03973,South Asian
HG03974,South Asian
HG03976,South Asian
HG03977,South Asian
HG03978,South Asian
HG03982,South Asian
HG03985,South Asian
HG03986,South Asian
HG03988,South Asian
HG03989,South Asian
HG03990,South Asian
HG03991,South Asian
HG03992,South Asian
HG03995,South Asian
HG03998,South Asian
HG03999,South Asian
HG04001,South Asian
HG04002,South Asian
HG04003,South Asian
HG04006,South Asian
HG04014,South Asian
HG04015,South Asian
HG04017,South Asian
HG04018,South Asian
HG04019,South Asian
HG04020,South Asian
HG04022,South Asian
HG04023,South Asian
HG04024,South Asian
HG04025,South Asian
HG04026,South Asian
HG04029,South Asian
HG04033,South Asian
HG04035,South Asian
HG04036,South Asian
HG04037,South Asian
HG04038,South Asian
HG04039,South Asian
HG04040,South Asian
HG04042,South Asian
HG04047,South Asian
HG04050,South Asian
HG04053,South Asian
HG04054,South Asian
HG04055,South Asian
HG04056,South Asian
HG04058,South Asian
HG04059,South Asian
HG04060,South Asian
HG04061,South Asian
HG04062,South Asian
HG04063,South Asian
HG04067,South Asian
HG04070,South Asian
HG04075,South Asian
HG04076,South Asian
HG04080,South Asian
HG04090,South Asian
HG04093,South Asian
HG04094,South Asian
HG04096,South Asian
HG04098,South Asian
HG04099,South Asian
HG04100,South Asian
HG04106,South Asian
HG04107,South Asian
HG04114,South Asian
HG04115,South Asian
HG04118,South Asian
HG04122,South Asian
HG04127,South Asian
HG04128,South Asian
HG04131,South Asian
HG04132,South Asian
HG04133,South Asian
HG04134,South Asian
HG04135,South Asian
HG04136,South Asian
HG04140,South Asian
HG04141,South Asian
HG04142,South Asian
HG04144,South Asian
HG04146,South Asian
HG04147,South Asian
HG04148,South Asian
HG04149,South Asian
HG04150,South Asian
HG04151,South Asian
HG04152,South Asian
HG04153,South Asian
HG04155,South Asian
HG04156,South Asian
HG04157,South Asian
HG04158,South Asian
HG04159,South Asian
HG04160,South Asian
HG04161,South Asian
HG04162,South Asian
HG04164,South Asian
HG04171,South Asian
HG04173,South Asian
HG04174,South Asian
HG04175,South Asian
HG04176,South Asian
HG04177,South Asian
HG04180,South Asian
HG04181,South Asian
HG04182,South Asian
HG04183,South Asian
HG04184,South Asian
HG04185,South Asian
HG04186,South Asian
HG04187,South Asian
HG04188,South Asian
HG04189,South Asian
HG04191,South Asian
HG04192,South Asian
HG04193,South Asian
HG04194,South Asian
HG04195,South Asian
HG04197,South Asian
HG04198,South Asian
HG04199,South Asian
HG04200,South Asian
HG04202,South Asian
HG04204,South Asian
HG04206,South Asian
HG04208,South Asian
HG04209,South Asian
HG04210,South Asian
HG04211,South Asian
HG04212,South Asian
HG04214,South Asian
HG04215,South Asian
HG04216,South Asian
HG04217,South Asian
HG04219,South Asian
HG04222,South Asian
HG04225,South Asian
HG04227,South Asian
HG04228,South Asian
HG04229,South Asian
HG04235,South Asian
HG04238,South Asian
HG04239,South Asian
HG04301,European
HG04302,European
HG04303,European
NA06984,European
NA06985,European
NA06986,European
NA06989,European
NA06991,European
NA06993,European
NA06994,European
NA06995,European
NA06997,European
NA07000,European
NA07014,European
NA07019,European
NA07022,European
NA07029,European
NA07031,European
NA07034,European
NA07037,European
NA07045,European
NA07048,European
NA07051,European
NA07055,European
NA07056,European
NA07340,European
NA07345,European
NA07346,European
NA07347,European
NA07348,European
NA07349,European
NA07357,European
NA07435,European
NA10830,European
NA10831,European
NA10835,European
NA10836,European
NA10837,European
NA10838,European
NA10839,European
NA10840,European
NA10842,European
NA10843,European
NA10845,European
NA10846,European
NA10847,European
NA10850,European
NA10851,European
NA10852,European
NA10853,European
NA10854,European
NA10855,European
NA10856,European
NA10857,European
NA10859,European
NA10860,European
NA10861,European
NA10863,European
NA10864,European
NA10865,European
NA11829,European
NA11830,European
NA11831,European
NA11832,European
NA11839,European
NA11840,European
NA11843,European
NA11881,European
NA11882,European
NA11891,European
NA11892,European
NA11893,European
NA11894,European
NA11917,European
NA11918,European
NA11919,European
NA11920,European
NA11930,European
NA11931,European
NA11932,European
NA11933,European
NA11992,European
NA11993,European
NA11994,European
NA11995,European
NA12003,European
NA12004,European
NA12005,European
NA12006,European
NA12043,European
NA12044,European
NA12045,European
NA12046,European
NA12056,European
NA12057,European
NA12058,European
NA12144,European
NA12145,European
NA12146,European
NA12154,European
NA12155,European
NA12156,European
NA12234,European
NA12239,European
NA12248,European
NA12249,European
NA12264,European
NA12272,European
NA12273,European
NA12274,European
NA12275,European
NA12282,European
NA12283,European
NA12286,European
NA12287,European
NA12329,European
NA12335,European
NA12336,European
NA12340,European
NA12341,European
NA12342,European
NA12343,European
NA12344,European
NA12347,European
NA12348,European
NA12375,European
NA12376,European
NA12383,European
NA12386,European
NA12399,European
NA12400,European
NA12413,European
NA12414,European
NA12485,European
NA12489,European
NA12546,European
NA12707,European
NA12708,European
NA12716,European
NA12717,European
NA12718,European
NA12739,European
NA12740,European
NA12748,European
NA12749,European
NA12750,European
NA12751,European
NA12752,European
NA12753,European
NA12760,European
NA12761,European
NA12762,European
NA12763,European
NA12766,European
NA12767,European
NA12775,European
NA12776,European
NA12777,European
NA12778,European
NA12801,European
NA12802,European
NA12812,European
NA12813,European
NA12814,European
NA12815,European
NA12817,European
NA12818,European
NA12827,European
NA12828,European
NA12829,European
NA12830,European
NA12832,European
NA12842,European
NA12843,European
NA12864,European
NA12865,European
NA12872,European
NA12873,European
NA12874,European
NA12875,European
NA12877,European
NA12878,European
NA12889,European
NA12890,European
NA12891,European
NA12892,European
NA18484,African
NA18485,African
NA18486,African
NA18487,African
NA18488,African
NA18489,African
NA18497,African
NA18498,African
NA18499,African
NA18500,African
NA18501,African
NA18502,African
NA18503,African
NA18504,African
NA18505,African
NA18506,African
NA18507,African
NA18508,African
NA18509,African
NA18510,African
NA18511,African
NA18515,African
NA18516,African
NA18517,African
NA18518,African
NA18519,African
NA18520,African
NA18521,African
NA18522,African
NA18523,African
NA18525,East Asian
NA18526,East Asian
NA18527,East Asian
NA18528,East Asian
NA18530,East Asian
NA18531,East Asian
NA18532,East Asian
NA18533,East Asian
NA18534,East Asian
NA18535,East Asian
NA18536,East Asian
NA18537,East Asian
NA18538,East Asian
NA18539,East Asian
NA18541,East Asian
NA18542,East Asian
NA18543,East Asian
NA18544,East Asian
NA18545,East Asian
NA18546,East Asian
NA18547,East Asian
NA18548,East Asian
NA18549,East Asian
NA18550,East Asian
NA18552,East Asian
NA18553,East Asian
NA18555,East Asian
NA18557,East Asian
NA18558,East Asian
NA18559,East Asian
NA18560,East Asian
NA18561,East Asian
NA18562,East Asian
NA18563,East Asian
NA18564,East Asian
NA18565,East Asian
NA18566,East Asian
NA18567,East Asian
NA18570,East Asian
NA18571,East Asian
NA18572,East Asian
NA18573,East Asian
NA18574,East Asian
NA18576,East Asian
NA18577,East Asian
NA18579,East Asian
NA18582,East Asian
NA18591,East Asian
NA18592,East Asian
NA18593,East Asian
NA18595,East Asian
NA18596,East Asian
NA18597,East Asian
NA18599,East Asian
NA18602,East Asian
NA18603,East Asian
NA18605,East Asian
NA18606,East Asian
NA18608,East Asian
NA18609,East Asian
NA18610,East Asian
NA18611,East Asian
NA18612,East Asian
NA18613,East Asian
NA18614,East Asian
NA18615,East Asian
NA18616,East Asian
NA18617,East Asian
NA18618,East Asian
NA18619,East Asian
NA18620,East Asian
NA18621,East Asian
NA18622,East Asian
NA18623,East Asian
NA18624,East Asian
NA18625,East Asian
NA18626,East Asian
NA18627,East Asian
NA18628,East Asian
NA18629,East Asian
NA18630,East Asian
NA18631,East Asian
NA18632,East Asian
NA18633,East Asian
NA18634,East Asian
NA18635,East Asian
NA18636,East Asian
NA18637,East Asian
NA18638,East Asian
NA18639,East Asian
NA18640,East Asian
NA18641,East Asian
NA18642,East Asian
NA18643,East Asian
NA18644,East Asian
NA18645,East Asian
NA18646,East Asian
NA18647,East Asian
NA18648,East Asian
NA18740,East Asian
NA18745,East Asian
NA18747,East Asian
NA18748,East Asian
NA18749,East Asian
NA18757,East Asian
NA18791,East Asian
NA18794,East Asian
NA18795,East Asian
NA18852,African
NA18853,African
NA18854,African
NA18855,African
NA18856,African
NA18857,African
NA18858,African
NA18859,African
NA18860,African
NA18861,African
NA18862,African
NA18863,African
NA18864,African
NA18865,African
NA18867,African
NA18868,African
NA18869,African
NA18870,African
NA18871,African
NA18872,African
NA18873,African
NA18874,African
NA18875,African
NA18876,African
NA18877,African
NA18878,African
NA18879,African
NA18881,African
NA18906,African
NA18907,African
NA18908,African
NA18909,African
NA18910,African
NA18911,African
NA18912,African
NA18913,African
NA18914,African
NA18915,African
NA18916,African
NA18917,African
NA18923,African
NA18924,African
NA18925,African
NA18930,African
NA18933,African
NA18934,African
NA18935,African
NA18939,East Asian
NA18940,East Asian
NA18941,East Asian
NA18942,East Asian
NA18943,East Asian
NA18944,East Asian
NA18945,East Asian
NA18946,East Asian
NA18947,East Asian
NA18948,East Asian
NA18949,East Asian
NA18950,East Asian
NA18951,East Asian
NA18952,East Asian
NA18953,East Asian
NA18954,East Asian
NA18955,East Asian
NA18956,East Asian
NA18957,East Asian
NA18959,East Asian
NA18960,East Asian
NA18961,East Asian
NA18962,East Asian
NA18963,East Asian
NA18964,East Asian
NA18965,East Asian
NA18966,East Asian
NA18967,East Asian
NA18968,East Asian
NA18969,East Asian
NA18970,East Asian
NA18971,East Asian
NA18972,East Asian
NA18973,East Asian
NA18974,East Asian
NA18975,East Asian
NA18976,East Asian
NA18977,East Asian
NA18978,East Asian
NA18979,East Asian
NA18980,East Asian
NA18981,East Asian
NA18982,East Asian
NA18983,East Asian
NA18984,East Asian
NA18985,East Asian
NA18986,East Asian
NA18987,East Asian
NA18988,East Asian
NA18989,East Asian
NA18990,East Asian
NA18991,East Asian
NA18992,East Asian
NA18993,East Asian
NA18994,East Asian
NA18995,East Asian
NA18997,East Asian
NA18998,East Asian
NA18999,East Asian
NA19000,East Asian
NA19001,East Asian
NA19002,East Asian
NA19003,East Asian
NA19004,East Asian
NA19005,East Asian
NA19006,East Asian
NA19007,East Asian
NA19009,East Asian
NA19010,East Asian
NA19011,East Asian
NA19012,East Asian
NA19017,African
NA19019,African
NA19020,African
NA19023,African
NA19024,African
NA19025,African
NA19026,African
NA19027,African
NA19028,African
NA19030,African
NA19031,African
NA19035,African
NA19036,African
NA19037,African
NA19038,African
NA19041,African
NA19042,African
NA19043,African
NA19044,African
NA19046,African
NA19054,East Asian
NA19055,East Asian
NA19056,East Asian
NA19057,East Asian
NA19058,East Asian
NA19059,East Asian
NA19060,East Asian
NA19062,East Asian
NA19063,East Asian
NA19064,East Asian
NA19065,East Asian
NA19066,East Asian
NA19067,East Asian
NA19068,East Asian
NA19070,East Asian
NA19072,East Asian
NA19074,East Asian
NA19075,East Asian
NA19076,East Asian
NA19077,East Asian
NA19078,East Asian
NA19079,East Asian
NA19080,East Asian
NA19081,East Asian
NA19082,East Asian
NA19083,East Asian
NA19084,East Asian
NA19085,East Asian
NA19086,East Asian
NA19087,East Asian
NA19088,East Asian
NA19089,East Asian
NA19090,East Asian
NA19091,East Asian
NA19092,African
NA19093,African
NA19094,African
NA19095,African
NA19096,African
NA19097,African
NA19098,African
NA19099,African
NA19100,African
NA19101,African
NA19102,African
NA19103,African
NA19104,African
NA19105,African
NA19107,African
NA19108,African
NA19109,African
NA19113,African
NA19114,African
NA19115,African
NA19116,African
NA19117,African
NA19118,African
NA19119,African
NA19120,African
NA19121,African
NA19122,African
NA19123,African
NA19127,African
NA19128,African
NA19129,African
NA19130,African
NA19131,African
NA19132,African
NA19137,African
NA19138,African
NA19139,African
NA19140,African
NA19141,African
NA19142,African
NA19143,African
NA19144,African
NA19145,African
NA19146,African
NA19147,African
NA19148,African
NA19149,African
NA19150,African
NA19151,African
NA19152,African
NA19153,African
NA19154,African
NA19159,African
NA19160,African
NA19161,African
NA19166,African
NA19171,African
NA19172,African
NA19173,African
NA19174,African
NA19175,African
NA19176,African
NA19177,African
NA19184,African
NA19185,African
NA19186,African
NA19189,African
NA19190,African
NA19191,African
NA19195,African
NA19196,African
NA19197,African
NA19198,African
NA19199,African
NA19200,African
NA19201,African
NA19202,African
NA19203,African
NA19204,African
NA19205,African
NA19206,African
NA19207,African
NA19208,African
NA19209,African
NA19210,African
NA19211,African
NA19213,African
NA19214,African
NA19215,African
NA19221,African
NA19222,African
NA19223,African
NA19224,African
NA19225,African
NA19226,African
NA19235,African
NA19236,African
NA19237,African
NA19238,African
NA19239,African
NA19240,African
NA19247,African
NA19248,African
NA19249,African
NA19252,African
NA19254,African
NA19256,African
NA19257,African
NA19258,African
NA19307,African
NA19308,African
NA19309,African
NA19310,African
NA19311,African
NA19312,African
NA19313,African
NA19314,African
NA19315,African
NA19316,African
NA19317,African
NA19318,African
NA19319,African
NA19320,African
NA19321,African
NA19323,African
NA19324,African
NA19327,African
NA19328,African
NA19331,African
NA19332,African
NA19334,African
NA19338,African
NA19346,African
NA19347,African
NA19350,African
NA19351,African
NA19352,African
NA19355,African
NA19359,African
NA19360,African
NA19371,African
NA19372,African
NA19373,African
NA19374,African
NA19375,African
NA19376,African
NA19377,African
NA19378,African
NA19379,African
NA19380,African
NA19381,African
NA19382,African
NA19383,African
NA19384,African
NA19385,African
NA19390,African
NA19391,African
NA19393,African
NA19394,African
NA19395,African
NA19396,African
NA19397,African
NA19398,African
NA19399,African
NA19401,African
NA19403,African
NA19404,African
NA19428,African
NA19429,African
NA19430,African
NA19431,African
NA19432,African
NA19434,African
NA19435,African
NA19436,African
NA19437,African
NA19438,African
NA19439,African
NA19440,African
NA19443,African
NA19444,African
NA19445,African
NA19446,African
NA19448,African
NA19449,African
NA19451,African
NA19452,African
NA19453,African
NA19454,African
NA19455,African
NA19456,African
NA19457,African
NA19461,African
NA19462,African
NA19463,African
NA19466,African
NA19467,African
NA19468,African
NA19469,African
NA19470,African
NA19471,African
NA19472,African
NA19473,African
NA19474,African
NA19475,African
NA19625,African
NA19648,Ad Mixed American
NA19649,Ad Mixed American
NA19650,Ad Mixed American
NA19651,Ad Mixed American
NA19652,Ad Mixed American
NA19653,Ad Mixed American
NA19654,Ad Mixed American
NA19655,Ad Mixed American
NA19656,Ad Mixed American
NA19657,Ad Mixed American
NA19658,Ad Mixed American
NA19659,Ad Mixed American
NA19660,Ad Mixed American
NA19661,Ad Mixed American
NA19662,Ad Mixed American
NA19663,Ad Mixed American
NA19664,Ad Mixed American
NA19665,Ad Mixed American
NA19669,Ad Mixed American
NA19670,Ad Mixed American
NA19671,Ad Mixed American
NA19672,Ad Mixed American
NA19674,Ad Mixed American
NA19675,Ad Mixed American
NA19676,Ad Mixed American
NA19677,Ad Mixed American
NA19678,Ad Mixed American
NA19679,Ad Mixed American
NA19680,Ad Mixed American
NA19681,Ad Mixed American
NA19682,Ad Mixed American
NA19683,Ad Mixed American
NA19684,Ad Mixed American
NA19685,Ad Mixed American
NA19686,Ad Mixed American
NA19700,African
NA19701,African
NA19702,African
NA19703,African
NA19704,African
NA19705,African
NA19707,African
NA19708,African
NA19711,African
NA19712,African
NA19713,African
NA19714,African
NA19716,Ad Mixed American
NA19717,Ad Mixed American
NA19718,Ad Mixed American
NA19719,Ad Mixed American
NA19720,Ad Mixed American
NA19721,Ad Mixed American
NA19722,Ad Mixed American
NA19723,Ad Mixed American
NA19724,Ad Mixed American
NA19725,Ad Mixed American
NA19726,Ad Mixed American
NA19727,Ad Mixed American
NA19728,Ad Mixed American
NA19729,Ad Mixed American
NA19730,Ad Mixed American
NA19731,Ad Mixed American
NA19732,Ad Mixed American
NA19733,Ad Mixed American
NA19734,Ad Mixed American
NA19735,Ad Mixed American
NA19737,Ad Mixed American
NA19738,Ad Mixed American
NA19740,Ad Mixed American
NA19741,Ad Mixed American
NA19742,Ad Mixed American
NA19746,Ad Mixed American
NA19747,Ad Mixed American
NA19748,Ad Mixed American
NA19749,Ad Mixed American
NA19750,Ad Mixed American
NA19751,Ad Mixed American
NA19752,Ad Mixed American
NA19753,Ad Mixed American
NA19754,Ad Mixed American
NA19755,Ad Mixed American
NA19756,Ad Mixed American
NA19757,Ad Mixed American
NA19758,Ad Mixed American
NA19759,Ad Mixed American
NA19760,Ad Mixed American
NA19761,Ad Mixed American
NA19762,Ad Mixed American
NA19763,Ad Mixed American
NA19764,Ad Mixed American
NA19766,Ad Mixed American
NA19770,Ad Mixed American
NA19771,Ad Mixed American
NA19772,Ad Mixed American
NA19773,Ad Mixed American
NA19774,Ad Mixed American
NA19775,Ad Mixed American
NA19776,Ad Mixed American
NA19777,Ad Mixed American
NA19778,Ad Mixed American
NA19779,Ad Mixed American
NA19780,Ad Mixed American
NA19781,Ad Mixed American
NA19782,Ad Mixed American
NA19783,Ad Mixed American
NA19784,Ad Mixed American
NA19785,Ad Mixed American
NA19786,Ad Mixed American
NA19787,Ad Mixed American
NA19788,Ad Mixed American
NA19789,Ad Mixed American
NA19790,Ad Mixed American
NA19792,Ad Mixed American
NA19794,Ad Mixed American
NA19795,Ad Mixed American
NA19796,Ad Mixed American
NA19797,Ad Mixed American
NA19798,Ad Mixed American
NA19818,African
NA19819,African
NA19828,African
NA19834,African
NA19835,African
NA19836,African
NA19900,African
NA19901,African
NA19902,African
NA19904,African
NA19905,African
NA19908,African
NA19909,African
NA19913,African
NA19914,African
NA19915,African
NA19916,African
NA19917,African
NA19918,African
NA19919,African
NA19920,African
NA19921,African
NA19922,African
NA19923,African
NA19924,African
NA19982,African
NA19983,African
NA19984,African
NA19985,African
NA20126,African
NA20127,African
NA20128,African
NA20129,African
NA20274,African
NA20276,African
NA20277,African
NA20278,African
NA20279,African
NA20281,African
NA20282,African
NA20284,African
NA20285,African
NA20287,African
NA20288,African
NA20289,African
NA20290,African
NA20291,African
NA20292,African
NA20294,African
NA20295,African
NA20296,African
NA20297,African
NA20298,African
NA20299,African
NA20300,African
NA20301,African
NA20302,African
NA20312,African
NA20313,African
NA20314,African
NA20316,African
NA20317,African
NA20318,African
NA20319,African
NA20320,African
NA20321,African
NA20322,African
NA20332,African
NA20333,African
NA20334,African
NA20335,African
NA20336,African
NA20337,African
NA20339,African
NA20340,African
NA20341,African
NA20342,African
NA20343,African
NA20344,African
NA20345,African
NA20346,African
NA20347,African
NA20348,African
NA20349,African
NA20350,African
NA20351,African
NA20355,African
NA20356,African
NA20357,African
NA20358,African
NA20359,African
NA20360,African
NA20361,African
NA20362,African
NA20363,African
NA20364,African
NA20412,African
NA20413,African
NA20414,African
NA20502,European
NA20503,European
NA20504,European
NA20505,European
NA20506,European
NA20507,European
NA20508,European
NA20509,European
NA20510,European
NA20511,European
NA20512,European
NA20513,European
NA20514,European
NA20515,European
NA20516,European
NA20517,European
NA20518,European
NA20519,European
NA20520,European
NA20521,European
NA20522,European
NA20524,European
NA20525,European
NA20526,European
NA20527,European
NA20528,European
NA20529,European
NA20530,European
NA20531,European
NA20532,European
NA20533,European
NA20534,European
NA20535,European
NA20536,European
NA20537,European
NA20538,European
NA20539,European
NA20540,European
NA20541,European
NA20542,European
NA20543,European
NA20544,European
NA20581,European
NA20582,European
NA20585,European
NA20586,European
NA20587,European
NA20588,European
NA20589,European
NA20752,European
NA20753,European
NA20754,European
NA20755,European
NA20756,European
NA20757,European
NA20758,European
NA20759,European
NA20760,European
NA20761,European
NA20762,European
NA20763,European
NA20764,European
NA20765,European
NA20766,European
NA20767,European
NA20768,European
NA20769,European
NA20770,European
NA20771,European
NA20772,European
NA20773,European
NA20774,European
NA20775,European
NA20778,European
NA20783,European
NA20785,European
NA20786,European
NA20787,European
NA20790,European
NA20792,European
NA20795,European
NA20796,European
NA20797,European
NA20798,European
NA20799,European
NA20800,European
NA20801,European
NA20802,European
NA20803,European
NA20804,European
NA20805,European
NA20806,European
NA20807,European
NA20808,European
NA20809,European
NA20810,European
NA20811,European
NA20812,European
NA20813,European
NA20814,European
NA20815,European
NA20816,European
NA20818,European
NA20819,European
NA20821,European
NA20822,European
NA20826,European
NA20827,European
NA20828,European
NA20829,European
NA20831,European
NA20832,European
NA20845,South Asian
NA20846,South Asian
NA20847,South Asian
NA20849,South Asian
NA20850,South Asian
NA20851,South Asian
NA20852,South Asian
NA20853,South Asian
NA20854,South Asian
NA20856,South Asian
NA20858,South Asian
NA20859,South Asian
NA20861,South Asian
NA20862,South Asian
NA20863,South Asian
NA20864,South Asian
NA20866,South Asian
NA20867,South Asian
NA20868,South Asian
NA20869,South Asian
NA20870,South Asian
NA20871,South Asian
NA20872,South Asian
NA20873,South Asian
NA20874,South Asian
NA20875,South Asian
NA20876,South Asian
NA20877,South Asian
NA20878,South Asian
NA20879,South Asian
NA20881,South Asian
NA20882,South Asian
NA20883,South Asian
NA20884,South Asian
NA20885,South Asian
NA20886,South Asian
NA20887,South Asian
NA20888,South Asian
NA20889,South Asian
NA20890,South Asian
NA20891,South Asian
NA20892,South Asian
NA20893,South Asian
NA20894,South Asian
NA20895,South Asian
NA20896,South Asian
NA20897,South Asian
NA20898,South Asian
NA20899,South Asian
NA20900,South Asian
NA20901,South Asian
NA20902,South Asian
NA20903,South Asian
NA20904,South Asian
NA20905,South Asian
NA20906,South Asian
NA20907,South Asian
NA20908,South Asian
NA20909,South Asian
NA20910,South Asian
NA20911,South Asian
NA21086,South Asian
NA21087,South Asian
NA21088,South Asian
NA21089,South Asian
NA21090,South Asian
NA21091,South Asian
NA21092,South Asian
NA21093,South Asian
NA21094,South Asian
NA21095,South Asian
NA21097,South Asian
NA21098,South Asian
NA21099,South Asian
NA21100,South Asian
NA21101,South Asian
NA21102,South Asian
NA21103,South Asian
NA21104,South Asian
NA21105,South Asian
NA21106,South Asian
NA21107,South Asian
NA21108,South Asian
NA21109,South Asian
NA21110,South Asian
NA21111,South Asian
NA21112,South Asian
NA21113,South Asian
NA21114,South Asian
NA21115,South Asian
NA21116,South Asian
NA21117,South Asian
NA21118,South Asian
NA21119,South Asian
NA21120,South Asian
NA21121,South Asian
NA21122,South Asian
NA21123,South Asian
NA21124,South Asian
NA21125,South Asian
NA21126,South Asian
NA21127,South Asian
NA21128,South Asian
NA21129,South Asian
NA21130,South Asian
NA21133,South Asian
NA21134,South Asian
NA21135,South Asian
NA21137,South Asian
NA21141,South Asian
NA21142,South Asian
NA21143,South Asian
NA21144,South Asian
